{
  "Id": "0c23fc63-c756-4822-adb1-0a1deb00524f",
  "Name": "Common",
  "Caption": "Common options",
  "Description": "Common options",
  "Versioning": 2,
  "MetadataIndex": "Common",
  "Services": [],
  "Processes": [],
  "Scenarios": [],
  "Generators": [],
  "Views": [
    {
      "Id": "25033bed-761d-4a56-93a0-5f63d075d336",
      "Name": "HomePage",
      "Caption": "HomePage",
      "Description": "Домашняя страница конфигурации авторизации"
    }
  ],
  "ValidationWarnings": [],
  "ValidationErrors": [],
  "DocumentStatuses": [],
  "ParentId": "980b279b-26a5-4a5d-9e78-bef695322a6f",
  "Version": "version_systemconfig",
  "__ConfigId": "systemconfig",
  "__DocumentId": "documentmetadata"
}
