{
  "Id": "a06bb617-e77f-4168-8fb0-607db8853d23",
  "Name": "UserStore",
  "Caption": "UserStore",
  "Description": "Хранилище пользователей системы",
  "Versioning": 2,
  "MetadataIndex": "UserStore",
  "Services": [],
  "Processes": [],
  "Scenarios": [],
  "Generators": [],
  "Views": [
    {
      "Id": "919a3ab0-4003-4c25-ae5a-5488c5b8a425",
      "Name": "ListView",
      "Caption": "ListView",
      "Description": null
    },
    {
      "Id": "a89dd32a-ad48-4526-8aa2-ef8d61d66aa1",
      "Name": "EditView",
      "Caption": "EditView",
      "Description": null
    }
  ],
  "ValidationWarnings": [],
  "ValidationErrors": [],
  "DocumentStatuses": [],
  "Schema": {
    "Type": "Object",
    "Caption": "Schema",
    "Properties": {
      "UserName": {
        "Caption": "Логин пользователя",
        "Type": "String"
      },
      "PasswordHash": {
        "Caption": "Хэш пароля",
        "Type": "String"
      },
      "Claims": {
        "Caption": "Список утверждений относительно пользователя",
        "Type": "Array",
        "Items": {
          "Type": "Object",
          "TypeInfo": {
            "DocumentLink": {
              "ConfigId": "Authorization",
              "DocumentId": "ClaimStore",
              "Inline": true
            }
          },
          "Properties": {}
        }
      }
    }
  },
  "ParentId": "980b279b-26a5-4a5d-9e78-bef695322a6f",
  "Version": "version_systemconfig",
  "__ConfigId": "systemconfig",
  "__DocumentId": "documentmetadata"
}
