{
  "Id": "f97bb228-f0d9-46be-9b7d-178482d3fbae",
  "Name": "ClaimStore",
  "Caption": "ClaimStore",
  "Description": "Хранилище утверждений относительно пользователя",
  "Versioning": 2,
  "MetadataIndex": "ClaimStore",
  "Services": [],
  "Processes": [],
  "Scenarios": [],
  "Generators": [],
  "Views": [
    {
      "Id": "41d1defe-3146-4b79-8cad-e123a3d58c02",
      "Name": "ListView",
      "Caption": "ListView",
      "Description": null
    },
    {
      "Id": "bcee29b7-e0a8-426d-afa8-96f49f0204c8",
      "Name": "EditView",
      "Caption": "EditView",
      "Description": null
    }
  ],
  "PrintViews": [],
  "ValidationWarnings": [],
  "ValidationErrors": [],
  "DocumentStatuses": [],
  "Schema": {
    "Type": "Object",
    "Caption": "Schema",
    "Properties": {
      "Name": {
        "Caption": "Name",
        "Description": "Наименование утверждения",
        "Type": "String"
      },
      "Description": {
        "Caption": "Description",
        "Description": "Описание утверждения",
        "Type": "String"
      }
    }
  },
  "ParentId": "980b279b-26a5-4a5d-9e78-bef695322a6f",
  "Version": "version_systemconfig",
  "__ConfigId": "systemconfig",
  "__DocumentId": "documentmetadata"
}
