{
  "Id": "2f5e3ba4-248b-4d5f-b3f7-23618d93aebf",
  "Name": "UserRole",
  "Caption": "UserRole",
  "Description": "",
  "Versioning": 2,
  "MetadataIndex": "UserRole",
  "Services": [],
  "Processes": [],
  "Scenarios": [],
  "Generators": [],
  "Views": [],
  "ValidationWarnings": [],
  "ValidationErrors": [],
  "DocumentStatuses": [],
  "Schema": {
    "Type": "Object",
    "Caption": "Schema",
    "Properties": {
      "UserName": {
        "Caption": "Логин пользователя",
        "Type": "String"
      },
      "RoleName": {
        "Caption": "Наименование роли",
        "Type": "String"
      }
    }
  },
  "ParentId": "980b279b-26a5-4a5d-9e78-bef695322a6f",
  "Version": "version_systemconfig",
  "__ConfigId": "systemconfig",
  "__DocumentId": "documentmetadata"
}
