{
  "Id": "bcee29b7-e0a8-426d-afa8-96f49f0204c8",
  "MetadataType": "EditView",
  "Caption": "EditView",
  "Name": "EditView",
  "ChildViews": [],
  "Parameters": [],
  "Scripts": [],
  "DataSources": [
    {
      "DocumentDataSource": {
        "Name": "MainDataSource",
        "IdProperty": "Id",
        "FillCreatedItem": true,
        "ConfigId": "Authorization",
        "DocumentId": "ClaimStore",
        "CreateAction": "CreateDocument",
        "ReadAction": "GetDocument",
        "UpdateAction": "SetDocument",
        "DeleteAction": "DeleteDocument",
        "Query": []
      }
    }
  ],
  "Text": "Редактирование элемента 'Утверждение о пользователе'",
  "LayoutPanel": {
    "GridPanel": {
      "Name": "GridPanel3",
      "Text": "",
      "Enabled": true,
      "Visible": true,
      "VerticalAlignment": "Stretch",
      "HorizontalAlignment": "Stretch",
      "Columns": 12,
      "Rows": [
        {
          "Cells": [
            {
              "ColumnSpan": 6,
              "Items": [
                {
                  "Label": {
                    "Name": "Label5",
                    "Text": "Наименование типа утверждения",
                    "Enabled": true,
                    "Visible": true,
                    "VerticalAlignment": "Stretch",
                    "HorizontalAlignment": "Stretch"
                  }
                }
              ]
            },
            {
              "ColumnSpan": 6,
              "Items": [
                {
                  "TextBox": {
                    "Name": "TextBox6",
                    "Text": "",
                    "Enabled": true,
                    "Visible": true,
                    "VerticalAlignment": "Stretch",
                    "HorizontalAlignment": "Stretch",
                    "Value": {
                      "PropertyBinding": {
                        "DataSource": "MainDataSource",
                        "Property": "Name",
                        "DefaultValue": ""
                      }
                    },
                    "HorizontalTextAlignment": "Left",
                    "VerticalTextAlignment": "Center",
                    "Multiline": false,
                    "LineCount": 0,
                    "ReadOnly": false
                  }
                }
              ]
            }
          ]
        },
        {
          "Cells": [
            {
              "ColumnSpan": 12,
              "Items": [
                {
                  "ToolBar": {
                    "Name": "ToolBar7",
                    "Text": "",
                    "Enabled": true,
                    "Visible": true,
                    "VerticalAlignment": "Stretch",
                    "HorizontalAlignment": "Stretch",
                    "Items": [
                      {
                        "ToolBarButton": {
                          "Name": "",
                          "Text": "Сохранить",
                          "Enabled": true,
                          "Visible": true,
                          "VerticalAlignment": "Stretch",
                          "HorizontalAlignment": "Stretch",
                          "Action": {
                            "SaveAction": {
                              "DataSource": "MainDataSource",
                              "CanClose": true
                            }
                          }
                        }
                      },
                      {
                        "ToolBarButton": {
                          "Name": "",
                          "Text": "Отмена",
                          "Enabled": true,
                          "Visible": true,
                          "VerticalAlignment": "Stretch",
                          "HorizontalAlignment": "Stretch",
                          "Action": {
                            "CancelAction": {
                              "Name": ""
                            }
                          }
                        }
                      }
                    ]
                  }
                }
              ]
            }
          ]
        }
      ]
    }
  },
  "ParentId": "f97bb228-f0d9-46be-9b7d-178482d3fbae",
  "Version": "version_systemconfig",
  "__ConfigId": "systemconfig",
  "__DocumentId": "viewmetadata"
}
