{
  "Id": "41d1defe-3146-4b79-8cad-e123a3d58c02",
  "MetadataType": "ListView",
  "Caption": "ListView",
  "Name": "ListView",
  "ChildViews": [],
  "Parameters": [],
  "Scripts": [],
  "DataSources": [
    {
      "DocumentDataSource": {
        "Name": "MainDataSource",
        "IdProperty": "Id",
        "FillCreatedItem": true,
        "ConfigId": "Authorization",
        "DocumentId": "ClaimStore",
        "CreateAction": "CreateDocument",
        "ReadAction": "GetDocument",
        "UpdateAction": "SetDocument",
        "DeleteAction": "DeleteDocument",
        "Query": []
      }
    }
  ],
  "Text": "Журнал типов утверждений относительно пользователя",
  "LayoutPanel": {
    "GridPanel": {
      "Name": "GridPanel4",
      "Text": "",
      "Enabled": true,
      "Visible": true,
      "VerticalAlignment": "Stretch",
      "HorizontalAlignment": "Stretch",
      "Columns": 12,
      "Rows": [
        {
          "Cells": [
            {
              "ColumnSpan": 12,
              "Items": [
                {
                  "DataGrid": {
                    "Name": "DataGrid5",
                    "Text": "",
                    "Enabled": true,
                    "Visible": true,
                    "VerticalAlignment": "Stretch",
                    "HorizontalAlignment": "Stretch",
                    "KeyProperty": "Id",
                    "ValueProperty": "",
                    "Items": {
                      "PropertyBinding": {
                        "DataSource": "MainDataSource",
                        "Property": "",
                        "DefaultValue": ""
                      }
                    },
                    "Columns": [
                      {
                        "Name": "NameColumn",
                        "Text": "Наименование типа утверждения",
                        "DisplayProperty": "Name"
                      }
                    ]
                  }
                }
              ]
            }
          ]
        },
        {
          "Cells": [
            {
              "ColumnSpan": 12,
              "Items": [
                {
                  "ToolBar": {
                    "Name": "ToolBar6",
                    "Text": "",
                    "Enabled": true,
                    "Visible": true,
                    "VerticalAlignment": "Stretch",
                    "HorizontalAlignment": "Stretch",
                    "Items": [
                      {
                        "ToolBarButton": {
                          "Name": "",
                          "Text": "Добавить утверждение",
                          "Enabled": true,
                          "Visible": true,
                          "VerticalAlignment": "Stretch",
                          "HorizontalAlignment": "Stretch",
                          "Action": {
                            "AddAction": {
                              "DataSource": "MainDataSource",
                              "View": {
                                "AutoView": {
                                  "ConfigId": "Authorization",
                                  "DocumentId": "ClaimStore",
                                  "ViewType": "EditView",
                                  "MetadataName": "EditView",
                                  "Name": "AddView",
                                  "Enabled": true,
                                  "Visible": true,
                                  "VerticalAlignment": "Stretch",
                                  "HorizontalAlignment": "Stretch",
                                  "OpenMode": "Page",
                                  "Parameters": []
                                }
                              }
                            }
                          }
                        }
                      },
                      {
                        "ToolBarButton": {
                          "Name": "",
                          "Text": "Редактировать утверждение",
                          "Enabled": true,
                          "Visible": true,
                          "VerticalAlignment": "Stretch",
                          "HorizontalAlignment": "Stretch",
                          "Action": {
                            "EditAction": {
                              "DataSource": "MainDataSource",
                              "View": {
                                "AutoView": {
                                  "ConfigId": "Authorization",
                                  "DocumentId": "ClaimStore",
                                  "ViewType": "EditView",
                                  "MetadataName": "EditView",
                                  "Name": "EditViewAction",
                                  "Text": "",
                                  "Enabled": true,
                                  "Visible": true,
                                  "VerticalAlignment": "Stretch",
                                  "HorizontalAlignment": "Stretch",
                                  "OpenMode": "Page",
                                  "Parameters": []
                                }
                              }
                            }
                          }
                        }
                      },
                      {
                        "ToolBarButton": {
                          "Name": "",
                          "Text": "Удалить утверждение",
                          "Enabled": true,
                          "Visible": true,
                          "VerticalAlignment": "Stretch",
                          "HorizontalAlignment": "Stretch",
                          "Action": {
                            "DeleteAction": {
                              "DataSource": "MainDataSource"
                            }
                          }
                        }
                      }
                    ]
                  }
                }
              ]
            }
          ]
        }
      ]
    }
  },
  "ParentId": "f97bb228-f0d9-46be-9b7d-178482d3fbae",
  "Version": "version_systemconfig",
  "__ConfigId": "systemconfig",
  "__DocumentId": "viewmetadata"
}
