{
  "Id": "333719c4-f8d2-4f58-a5d6-29856147c5ce",
  "Name": "MainMenu",
  "Caption": "MainMenu",
  "Description": "Главное меню конфигурации",
  "ParentId": "Authorization",
  "Version": "version_systemconfig",
  "__ConfigId": "systemconfig",
  "__DocumentId": "menumetadata",
  "Items": [
    {
      "Text": "Утверждения",
      "Action": {
        "OpenViewAction": {
          "View": {
            "AutoView": {
              "ConfigId": "Authorization",
              "DocumentId": "ClaimStore",
              "ViewType": "ListView",
              "OpenMode": "Application"
            }
          }
        }
      }
    },
    {
      "Text": "Пользователи",
      "Action": {
        "OpenViewAction": {
          "View": {
            "AutoView": {
              "ConfigId": "Authorization",
              "DocumentId": "UserStore",
              "ViewType": "ListView",
              "OpenMode": "Application"
            }
          }
        }
      }
    }
  ]
}
