{
  "Id": "483b57aa-182c-4d3e-8a6d-0b22c3892332",
  "Name": "RoleStore",
  "Caption": "RoleStore",
  "Description": "Хранилище ролей пользователей",
  "Versioning": 2,
  "MetadataIndex": "RoleStore",
  "Services": [],
  "Processes": [],
  "Scenarios": [],
  "Generators": [],
  "Views": [],
  "ValidationWarnings": [],
  "ValidationErrors": [],
  "DocumentStatuses": [],
  "Schema": {
    "Type": "Object",
    "Caption": "Schema",
    "Properties": {
      "Name": {
        "Caption": "Наименование роли",
        "Type": "String"
      },
      "Caption": {
        "Caption": "Заголовок роли",
        "Type": "String"
      },
      "Description": {
        "Caption": "Описание",
        "Type": "String"
      }
    }
  },
  "ParentId": "980b279b-26a5-4a5d-9e78-bef695322a6f",
  "Version": "version_systemconfig",
  "__ConfigId": "systemconfig",
  "__DocumentId": "documentmetadata"
}
