{
  "Id": "25033bed-761d-4a56-93a0-5f63d075d336",
  "Parameters": [],
  "Scripts": [],
  "DataSources": [],
  "Text": "",
  "LayoutPanel": {
    "GridPanel": {
      "Name": "GridPanel3",
      "Text": "",
      "Enabled": true,
      "Visible": true,
      "VerticalAlignment": "Stretch",
      "HorizontalAlignment": "Stretch",
      "Columns": 12,
      "Rows": [
        {
          "Cells": [
            {
              "ColumnSpan": 4,
              "Items": [
                {
                  "MenuBar": {
                    "Name": "MenuBar4",
                    "Text": "",
                    "Enabled": true,
                    "Visible": true,
                    "VerticalAlignment": "Stretch",
                    "HorizontalAlignment": "Stretch",
                    "ConfigId": "Authorization"
                  }
                }
              ]
            },
            {
              "ColumnSpan": 8,
              "Items": []
            }
          ]
        }
      ]
    }
  },
  "ChildViews": [],
  "Name": "HomePage",
  "Caption": "HomePage",
  "Description": "Домашняя страница конфигурации авторизации",
  "MetadataType": "HomePage",
  "ParentId": "0c23fc63-c756-4822-adb1-0a1deb00524f",
  "Version": "version_systemconfig",
  "__ConfigId": "systemconfig",
  "__DocumentId": "viewmetadata"
}
