{
  "Id": "a89dd32a-ad48-4526-8aa2-ef8d61d66aa1",
  "MetadataType": "EditView",
  "Caption": "EditView",
  "Name": "EditView",
  "ChildViews": [
    {
      "Name": "UserClaimView",
      "LinkView": {
        "InlineView": {
          "View": {
            "Text": "Утверждение относительно пользователя",
            "ChildViews": [],
            "DataSources": [
              {
                "DocumentDataSource": {
                  "Name": "MainDataSource",
                  "ConfigId": "",
                  "DocumentId": ""
                }
              },
              {
                "DocumentDataSource": {
                  "Name": "ClaimDataSource",
                  "ConfigId": "Authorization",
                  "DocumentId": "ClaimStore"
                }
              }
            ],
            "LayoutPanel": {
              "StackPanel": {
                "Items": [
                  {
                    "ScrollPanel": {
                      "LayoutPanel": {
                        "GridPanel": {
                          "Rows": [
                            {
                              "Cells": [
                                {
                                  "ColumnSpan": 3,
                                  "Items": [
                                    {
                                      "Label": {
                                        "Text": "Вид утверждения"
                                      }
                                    }
                                  ]
                                },
                                {
                                  "ColumnSpan": 9,
                                  "Items": [
                                    {
                                      "ComboBox": {
                                        "ValueProperty": "Id",
                                        "DisplayProperty": "Name",
                                        "Value": {
                                          "PropertyBinding": {
                                            "DataSource": "MainDataSource",
                                            "Property": "Type"
                                          }
                                        },
                                        "Items": {
                                          "PropertyBinding": {
                                            "DataSource": "ClaimDataSource"
                                          }
                                        }
                                      }
                                    }
                                  ]
                                },
                                {
                                  "ColumnSpan": 3,
                                  "Items": [
                                    {
                                      "Label": {
                                        "Text": "Значение утверждения"
                                      }
                                    }
                                  ]
                                },
                                {
                                  "ColumnSpan": 9,
                                  "Items": [
                                    {
                                      "TextBox": {
                                        "Value": {
                                          "PropertyBinding": {
                                            "DataSource": "MainDataSource",
                                            "Property": "Value"
                                          }
                                        }
                                      }
                                    }
                                  ]
                                }
                              ]
                            }
                          ]
                        }
                      }
                    }
                  },
                  {
                    "ToolBar": {
                      "Items": [
                        {
                          "ToolBarButton": {
                            "Text": "Сохранить",
                            "Action": {
                              "SaveItemAction": {
                                "DataSource": "MainDataSource"
                              }
                            }
                          }
                        },
                        {
                          "ToolBarButton": {
                            "Text": "Отмена",
                            "Action": {
                              "CancelAction": {
                                "Name": "Cancel"
                              }
                            }
                          }
                        }
                      ]
                    }
                  }
                ]
              }
            }
          }
        }
      }
    }
  ],
  "Parameters": [],
  "Scripts": [],
  "DataSources": [
    {
      "DocumentDataSource": {
        "Name": "MainDataSource",
        "IdProperty": "Id",
        "FillCreatedItem": true,
        "ConfigId": "Authorization",
        "DocumentId": "UserStore",
        "CreateAction": "CreateDocument",
        "ReadAction": "GetDocument",
        "UpdateAction": "SetDocument",
        "DeleteAction": "DeleteDocument",
        "Query": []
      }
    }
  ],
  "Text": "Редактирование пользователя",
  "LayoutPanel": {
    "StackPanel": {
      "Name": "StackPanel0",
      "Text": "",
      "Enabled": true,
      "Visible": true,
      "VerticalAlignment": "Stretch",
      "HorizontalAlignment": "Stretch",
      "Orientation": "Vertical",
      "Items": [
        {
          "GridPanel": {
            "Name": "GridPanel1",
            "Text": "",
            "Enabled": true,
            "Visible": true,
            "VerticalAlignment": "Stretch",
            "HorizontalAlignment": "Stretch",
            "Columns": 12,
            "Rows": [
              {
                "Cells": [
                  {
                    "ColumnSpan": 3,
                    "Items": [
                      {
                        "Label": {
                          "Name": "Label3",
                          "Text": "Логин пользователя",
                          "Enabled": true,
                          "Visible": true,
                          "VerticalAlignment": "Stretch",
                          "HorizontalAlignment": "Stretch"
                        }
                      }
                    ]
                  },
                  {
                    "ColumnSpan": 9,
                    "Items": [
                      {
                        "TextBox": {
                          "Name": "TextBox4",
                          "Text": "",
                          "Enabled": true,
                          "Visible": true,
                          "VerticalAlignment": "Stretch",
                          "HorizontalAlignment": "Stretch",
                          "Value": {
                            "PropertyBinding": {
                              "DataSource": "MainDataSource",
                              "Property": "UserName",
                              "DefaultValue": ""
                            }
                          },
                          "HorizontalTextAlignment": "Left",
                          "VerticalTextAlignment": "Center",
                          "Multiline": false,
                          "LineCount": 0,
                          "ReadOnly": false
                        }
                      }
                    ]
                  },
                  {
                    "ColumnSpan": 3,
                    "Items": [
                      {
                        "Label": {
                          "Name": "Label5",
                          "Text": "Пароль",
                          "Enabled": true,
                          "Visible": true,
                          "VerticalAlignment": "Stretch",
                          "HorizontalAlignment": "Stretch"
                        }
                      }
                    ]
                  },
                  {
                    "ColumnSpan": 9,
                    "Items": [
                      {
                        "TextBox": {
                          "Name": "TextBox6",
                          "Text": "",
                          "Enabled": true,
                          "Visible": true,
                          "VerticalAlignment": "Stretch",
                          "HorizontalAlignment": "Stretch",
                          "Value": {
                            "PropertyBinding": {
                              "DataSource": "MainDataSource",
                              "Property": "Password",
                              "DefaultValue": ""
                            }
                          },
                          "HorizontalTextAlignment": "Left",
                          "VerticalTextAlignment": "Center",
                          "Multiline": false,
                          "LineCount": 0,
                          "ReadOnly": false
                        }
                      }
                    ]
                  },
                  {
                    "ColumnSpan": 3,
                    "Items": [
                      {
                        "Label": {
                          "Name": "Label7",
                          "Text": "Утверждения относительно пользователя",
                          "Enabled": true,
                          "Visible": true,
                          "VerticalAlignment": "Stretch",
                          "HorizontalAlignment": "Stretch"
                        }
                      }
                    ]
                  },
                  {
                    "ColumnSpan": 9,
                    "Items": [
                      {
                        "ListBox": {
                          "Name": "ListBox8",
                          "Text": "",
                          "Enabled": true,
                          "Visible": true,
                          "VerticalAlignment": "Stretch",
                          "HorizontalAlignment": "Stretch",
                          "MultiSelect": false,
                          "ReadOnly": false,
                          "ValueProperty": "",
                          "DisplayProperty": "",
                          "LineCount": 0,
                          "ItemTemplate": {
                            "StackPanel": {
                              "Orientation": "Horizontal",
                              "Items": [
                                {
                                  "Label": {
                                    "DisplayFormat": {
                                      "ObjectFormat": {
                                        "Format": "Тип утверждения: {}"
                                      }
                                    },
                                    "Value": {
                                      "PropertyBinding": {
                                        "DataSource": "MainDataSource",
                                        "Property": "$.Type.DisplayName"
                                      }
                                    }
                                  }
                                },
                                {
                                  "Label": {
                                    "DisplayFormat": {
                                      "ObjectFormat": {
                                        "Format": "Значение утверждения: {}"
                                      }
                                    },
                                    "Value": {
                                      "PropertyBinding": {
                                        "DataSource": "MainDataSource",
                                        "Property": "$.Value"
                                      }
                                    }
                                  }
                                }
                              ]
                            }
                          },
                          "Items": {
                            "PropertyBinding": {
                              "DataSource": "MainDataSource",
                              "Property": "Claims",
                              "DefaultValue": ""
                            }
                          },
                          "ToolBar": {
                            "Items": [
                              {
                                "ToolBarButton": {
                                  "Action": {
                                    "AddItemAction": {
                                      "View": {
                                        "ChildView": {
                                          "Name": "UserClaimView",
                                          "OpenMode": "Dialog"
                                        }
                                      }
                                    }
                                  }
                                }
                              },
                              {
                                "ToolBarButton": {
                                  "Action": {
                                    "EditItemAction": {
                                      "View": {
                                        "ChildView": {
                                          "Name": "UserClaimView",
                                          "OpenMode": "Dialog"
                                        }
                                      }
                                    }
                                  }
                                }
                              }
                            ]
                          }
                        }
                      }
                    ]
                  }
                ]
              }
            ]
          }
        },
        {
          "ToolBar": {
            "Name": "ToolBar2",
            "Text": "",
            "Enabled": true,
            "Visible": true,
            "VerticalAlignment": "Stretch",
            "HorizontalAlignment": "Stretch",
            "Items": [
              {
                "ToolBarButton": {
                  "Name": "SaveButton",
                  "Text": "Сохранить",
                  "Enabled": true,
                  "Visible": true,
                  "VerticalAlignment": "Stretch",
                  "HorizontalAlignment": "Stretch",
                  "Action": {
                    "SaveAction": {
                      "DataSource": "MainDataSource",
                      "CanClose": true
                    }
                  }
                }
              },
              {
                "ToolBarButton": {
                  "Name": "CancelAction",
                  "Text": "Отмена",
                  "Enabled": true,
                  "Visible": true,
                  "VerticalAlignment": "Stretch",
                  "HorizontalAlignment": "Stretch",
                  "Action": {
                    "CancelAction": {
                      "Name": "Cancel"
                    }
                  }
                }
              }
            ]
          }
        }
      ]
    }
  },
  "ParentId": "a06bb617-e77f-4168-8fb0-607db8853d23",
  "Version": "version_systemconfig",
  "__ConfigId": "systemconfig",
  "__DocumentId": "viewmetadata"
}
