{
  "Id": "919a3ab0-4003-4c25-ae5a-5488c5b8a425",
  "MetadataType": "ListView",
  "Caption": "ListView",
  "Name": "ListView",
  "ChildViews": [],
  "Parameters": [],
  "Scripts": [],
  "DataSources": [
    {
      "DocumentDataSource": {
        "Name": "MainDataSource",
        "IdProperty": "Id",
        "FillCreatedItem": true,
        "ConfigId": "Authorization",
        "DocumentId": "UserStore",
        "CreateAction": "CreateDocument",
        "ReadAction": "GetDocument",
        "UpdateAction": "SetDocument",
        "DeleteAction": "DeleteDocument",
        "Query": []
      }
    }
  ],
  "Text": "Список пользователей системы",
  "LayoutPanel": {
    "GridPanel": {
      "Name": "GridPanel0",
      "Text": "",
      "Enabled": true,
      "Visible": true,
      "VerticalAlignment": "Stretch",
      "HorizontalAlignment": "Stretch",
      "Columns": 12,
      "Rows": [
        {
          "Cells": [
            {
              "ColumnSpan": 12,
              "Items": [
                {
                  "DataGrid": {
                    "Name": "DataGrid1",
                    "Text": "",
                    "Enabled": true,
                    "Visible": true,
                    "VerticalAlignment": "Stretch",
                    "HorizontalAlignment": "Stretch",
                    "KeyProperty": "Id",
                    "ValueProperty": "",
                    "Items": {
                      "PropertyBinding": {
                        "DataSource": "MainDataSource",
                        "Property": "",
                        "DefaultValue": ""
                      }
                    },
                    "Columns": [
                      {
                        "Name": "LoginColumn",
                        "Text": "Логин пользователя",
                        "DisplayProperty": "UserName"
                      }
                    ]
                  }
                }
              ]
            }
          ]
        },
        {
          "Cells": [
            {
              "ColumnSpan": 12,
              "Items": [
                {
                  "ToolBar": {
                    "Name": "ToolBar2",
                    "Text": "",
                    "Enabled": true,
                    "Visible": true,
                    "VerticalAlignment": "Stretch",
                    "HorizontalAlignment": "Stretch",
                    "Items": [
                      {
                        "ToolBarButton": {
                          "Name": "",
                          "Text": "Добавить пользователя",
                          "Enabled": true,
                          "Visible": true,
                          "VerticalAlignment": "Stretch",
                          "HorizontalAlignment": "Stretch",
                          "Action": {
                            "AddAction": {
                              "DataSource": "MainDataSource",
                              "View": {
                                "AutoView": {
                                  "ConfigId": "Authorization",
                                  "DocumentId": "UserStore",
                                  "ViewType": "EditView",
                                  "MetadataName": "EditView",
                                  "Name": "OpenEditView",
                                  "Text": "",
                                  "Enabled": true,
                                  "Visible": true,
                                  "VerticalAlignment": "Stretch",
                                  "HorizontalAlignment": "Stretch",
                                  "OpenMode": "Page",
                                  "Parameters": []
                                }
                              }
                            }
                          }
                        }
                      },
                      {
                        "ToolBarButton": {
                          "Name": "",
                          "Text": "Редактировать пользователя",
                          "Enabled": true,
                          "Visible": true,
                          "VerticalAlignment": "Stretch",
                          "HorizontalAlignment": "Stretch",
                          "Action": {
                            "EditAction": {
                              "DataSource": "MainDataSource",
                              "View": {
                                "AutoView": {
                                  "ConfigId": "Authorization",
                                  "DocumentId": "UserStore",
                                  "ViewType": "EditView",
                                  "MetadataName": "EditView",
                                  "Name": "OpenEditView",
                                  "OpenMode": "Page"
                                }
                              }
                            }
                          }
                        }
                      },
                      {
                        "ToolBarButton": {
                          "Name": "",
                          "Text": "Удалить пользователя",
                          "Enabled": true,
                          "Visible": true,
                          "VerticalAlignment": "Stretch",
                          "HorizontalAlignment": "Stretch",
                          "Action": {
                            "DeleteAction": {
                              "DataSource": "MainDataSource"
                            }
                          }
                        }
                      }
                    ]
                  }
                }
              ]
            }
          ]
        }
      ]
    }
  },
  "ParentId": "a06bb617-e77f-4168-8fb0-607db8853d23",
  "Version": "version_systemconfig",
  "__ConfigId": "systemconfig",
  "__DocumentId": "viewmetadata"
}
